doi,is_oa,title,publisher,z_authors,journal_name
10.1001/2012.jama.10931,False,Atherogenic Vascular Stiffness and Hypertension,American Medical Association (AMA),"[{'family': 'Mukherjee', 'given': 'Debabrata'}]",JAMA
10.1001/archderm.137.12.1645,False,Comparing the Diagnostic Accuracy of Dermatologists and Nondermatologists,American Medical Association (AMA),"[{'family': 'Feldman', 'given': 'Steven R.'}, {'family': 'Coates', 'given': 'Michael L.'}, {'family': 'Fleischer, Jr', 'given': 'Alan B.'}, {'family': 'Mellen', 'given': 'Beverly G.'}, {'family': 'Williford', 'given': 'Phillip M.'}]",Archives of Dermatology
10.1001/archderm.139.6.801,False,Commentary on: Local treatments for cutaneous warts: systematic review,American Medical Association (AMA),"[{'family': 'Bigby', 'given': 'Michael'}]",Archives of Dermatology
10.1001/archderm.1981.01650030016009,False,Thrombotic Angiokeratoma Circumscriptum Simulating Melanoma,American Medical Association (AMA),"[{'family': 'Goldman', 'given': 'Leon'}]",Archives of Dermatology
10.1001/archinte.146.12.2393,False,Drug prescribing for the elderly,American Medical Association (AMA),"[{'family': 'Everitt', 'given': 'D. E.'}]",Archives of Internal Medicine
10.1001/archinte.1928.00130170089009,False,COARCTATION OF THE AORTA,American Medical Association (AMA),"[{'family': 'BLACKFORD', 'given': 'L. MINOR'}]",Archives of Internal Medicine
10.1001/archinte.1986.00360170247030,False,Multiple Myeloma With Polyneuropathy and Coagulopathy,American Medical Association (AMA),"[{'family': 'Hyman', 'given': 'Bradley T.'}]",Archives of Internal Medicine
10.1001/archneur.1989.00520400122032,False,Relapsing Bilateral Brachial Plexopathy During Pregnancy,American Medical Association (AMA),"[{'family': 'Redmond', 'given': 'Janice M. T.'}]",Archives of Neurology
10.1001/archneur.1996.00550100033012,False,Cavernous Sinus Syndrome,American Medical Association (AMA),"[{'family': 'Keane', 'given': 'James R.'}]",Archives of Neurology
10.1001/archneur.59.4.557,True,Occlusion Due to Carotid Artery Dissection,American Medical Association (AMA),"[{'family': 'Milhaud', 'given': 'Didier'}, {'family': 'de Freitas', 'given': 'Gabriel R.'}, {'family': 'van Melle', 'given': 'Guy'}, {'family': 'Bogousslavsky', 'given': 'Julien'}]",Archives of Neurology
10.1001/archneurpsyc.1958.02340100018004,False,Cinephotomicrography of the Pial Circulation,American Medical Association (AMA),"[{'family': 'GURDJIAN', 'given': 'E. S.'}]",A.M.A. Archives of Neurology & Psychiatry
10.1001/archopht.119.8.1201,False,A look at the past . . .,American Medical Association (AMA),,Archives of Ophthalmology
10.1001/archopht.123.2.214,True,An Antisense Oligodeoxynucleotide Against Vascular Endothelial Growth Factor in a Nonhuman Primate Model of Iris Neovascularization,American Medical Association (AMA),"[{'family': 'Bhisitkul', 'given': 'Robert B.'}]",Archives of Ophthalmology
10.1001/archopht.1940.00870050149014,False,SOME OBSERVATIONS ON CROSSED CYLINDERS,American Medical Association (AMA),"[{'family': 'Smart', 'given': 'F. P.'}]",Archives of Ophthalmology
10.1001/archopht.1967.00980020452007,False,Strabismus in Congenital Rubella,American Medical Association (AMA),"[{'family': ""O'Neill"", 'given': 'John F.'}]",Archives of Ophthalmology
10.1001/archopht.1982.01030030169030,False,The Cornea in Measles,American Medical Association (AMA),"[{'family': 'Blodi', 'given': 'F. C.'}]",Archives of Ophthalmology
10.1001/archotol.125.11.1262,False,Sinogenic Subdural Empyema and Streptococcus anginosus,American Medical Association (AMA),"[{'family': 'Hutchin', 'given': 'Mark E.'}, {'family': 'Shores', 'given': 'Carol G.'}, {'family': 'Bauer', 'given': 'Maureen S.'}, {'family': 'Yarbrough', 'given': 'Wendell G.'}]",Archives of Otolaryngology–Head & Neck Surgery
10.1001/archotol.129.12.1263,False,"Pointe Vicente Lighthouse, Palos Verdes Peninsula, California",American Medical Association (AMA),,Archives of Otolaryngology–Head & Neck Surgery
10.1001/archotol.1940.00660021084009,False,ANGIOENDOTHELIOMA OF THE NASOPHARYNX,American Medical Association (AMA),"[{'family': 'FARMER', 'given': 'W. D.'}]",Archives of Otolaryngology - Head and Neck Surgery
10.1001/archotol.1956.03830080028007,False,Intracranial Complications of Chronic Mastoiditis,American Medical Association (AMA),"[{'family': 'MORSE', 'given': 'H. R.'}]",Archives of Otolaryngology - Head and Neck Surgery
10.1001/archotol.1992.01880070101020,False,Casual Surgical Techniques in January 1992 Photograph,American Medical Association (AMA),"[{'family': 'HILDING', 'given': 'D. A.'}]",Archives of Otolaryngology - Head and Neck Surgery
10.1001/archotol.1992.01880080075016,False,Mycosis Fungoides of the Larynx: Report of Two Cases and Review of the Literature,American Medical Association (AMA),"[{'family': 'Kuhn', 'given': 'J. J.'}, {'family': 'Wenig', 'given': 'B. M.'}, {'family': 'Clark', 'given': 'D. A.'}]",Archives of Otolaryngology - Head and Neck Surgery
10.1001/archpedi.1962.02080020242007,False,Measles in Nigeria,American Medical Association (AMA),"[{'family': 'MORLEY', 'given': 'D. C.'}]",Archives of Pediatrics & Adolescent Medicine
10.1001/archsurg.141.11.1109,True,Implementing 1-Dose Antibiotic Prophylaxis for Prevention of Surgical Site Infection,American Medical Association (AMA),"[{'family': 'Fonseca', 'given': 'Silvia Nunes Szente'}]",Archives of Surgery
10.1001/jama.1892.02420140019001h,False,REPORT OF THE COMMITTEE ON IMPROVEMENT IN THE WORK OF THE SECTION.,American Medical Association (AMA),,Journal of the American Medical Association
10.1001/jama.1904.02490680037010,False,ANGINA PECTORIS AND ABDOMINIS.,American Medical Association (AMA),,JAMA: The Journal of the American Medical Association
10.1001/jama.1906.25210130010001d,False,A PLEA FOR MORE RADICAL OPERATIONS IN CANCER OF THE LIPS AND TONGUE.,American Medical Association (AMA),"[{'family': 'EISENDRATH', 'given': 'D. N.'}]",JAMA: The Journal of the American Medical Association
10.1001/jama.1912.04270130039024,True,Common Disorders and Diseases of Childhood.,American Medical Association (AMA),,Journal of the American Medical Association
10.1001/jama.1916.02590180044022,False,"CREATIN, CREATININ AND MUSCLE TISSUE",American Medical Association (AMA),,Journal of the American Medical Association
