[
    {
        "doi": "10.1001/2012.jama.10931",
        "doi_url": "https://doi.org/10.1001/2012.jama.10931",
        "genre": "journal-article",
        "is_oa": false,
        "journal_name": "JAMA",
        "publisher": "American Medical Association (AMA)",
        "title": "Atherogenic Vascular Stiffness and Hypertension",
        "updated": "2018-06-19T10:05:43.310645",
        "year": 2012,
        "z_authors": [
            {
                "family": "Mukherjee",
                "given": "Debabrata"
            }
        ]
    },
    {
        "doi": "10.1001/archderm.137.12.1645",
        "doi_url": "https://doi.org/10.1001/archderm.137.12.1645",
        "genre": "journal-article",
        "is_oa": false,
        "journal_name": "Archives of Dermatology",
        "publisher": "American Medical Association (AMA)",
        "title": "Comparing the Diagnostic Accuracy of Dermatologists and Nondermatologists",
        "updated": "2018-06-14T16:29:49.556962",
        "year": 2001,
        "z_authors": [
            {
                "family": "Feldman",
                "given": "Steven R."
            },
            {
                "family": "Coates",
                "given": "Michael L."
            },
            {
                "family": "Fleischer, Jr",
                "given": "Alan B."
            },
            {
                "family": "Mellen",
                "given": "Beverly G."
            },
            {
                "family": "Williford",
                "given": "Phillip M."
            }
        ]
    },
    {
        "doi": "10.1001/archderm.139.6.801",
        "doi_url": "https://doi.org/10.1001/archderm.139.6.801",
        "genre": "journal-article",
        "is_oa": false,
        "journal_name": "Archives of Dermatology",
        "publisher": "American Medical Association (AMA)",
        "title": "Commentary on: Local treatments for cutaneous warts: systematic review",
        "updated": "2018-06-19T10:06:41.587179",
        "year": 2003,
        "z_authors": [
            {
                "family": "Bigby",
                "given": "Michael"
            }
        ]
    },
    {
        "doi": "10.1001/archderm.1981.01650030016009",
        "doi_url": "https://doi.org/10.1001/archderm.1981.01650030016009",
        "genre": "journal-article",
        "is_oa": false,
        "journal_name": "Archives of Dermatology",
        "publisher": "American Medical Association (AMA)",
        "title": "Thrombotic Angiokeratoma Circumscriptum Simulating Melanoma",
        "updated": "2018-06-15T04:34:31.733156",
        "year": 1981,
        "z_authors": [
            {
                "family": "Goldman",
                "given": "Leon"
            }
        ]
    },
    {
        "doi": "10.1001/archinte.146.12.2393",
        "doi_url": "https://doi.org/10.1001/archinte.146.12.2393",
        "genre": "journal-article",
        "is_oa": false,
        "journal_name": "Archives of Internal Medicine",
        "publisher": "American Medical Association (AMA)",
        "title": "Drug prescribing for the elderly",
        "updated": "2018-06-19T10:05:43.317410",
        "year": 1986,
        "z_authors": [
            {
                "family": "Everitt",
                "given": "D. E."
            }
        ]
    },
    {
        "doi": "10.1001/archinte.1928.00130170089009",
        "doi_url": "https://doi.org/10.1001/archinte.1928.00130170089009",
        "genre": "journal-article",
        "is_oa": false,
        "journal_name": "Archives of Internal Medicine",
        "publisher": "American Medical Association (AMA)",
        "title": "COARCTATION OF THE AORTA",
        "updated": "2018-06-19T09:18:10.887464",
        "year": 1928,
        "z_authors": [
            {
                "family": "BLACKFORD",
                "given": "L. MINOR"
            }
        ]
    },
    {
        "doi": "10.1001/archinte.1986.00360170247030",
        "doi_url": "https://doi.org/10.1001/archinte.1986.00360170247030",
        "genre": "journal-article",
        "is_oa": false,
        "journal_name": "Archives of Internal Medicine",
        "publisher": "American Medical Association (AMA)",
        "title": "Multiple Myeloma With Polyneuropathy and Coagulopathy",
        "updated": "2018-06-19T10:05:56.505504",
        "year": 1986,
        "z_authors": [
            {
                "family": "Hyman",
                "given": "Bradley T."
            }
        ]
    },
    {
        "doi": "10.1001/archneur.1989.00520400122032",
        "doi_url": "https://doi.org/10.1001/archneur.1989.00520400122032",
        "genre": "journal-article",
        "is_oa": false,
        "journal_name": "Archives of Neurology",
        "publisher": "American Medical Association (AMA)",
        "title": "Relapsing Bilateral Brachial Plexopathy During Pregnancy",
        "updated": "2018-06-19T10:06:51.523818",
        "year": 1989,
        "z_authors": [
            {
                "family": "Redmond",
                "given": "Janice M. T."
            }
        ]
    },
    {
        "doi": "10.1001/archneur.1996.00550100033012",
        "doi_url": "https://doi.org/10.1001/archneur.1996.00550100033012",
        "genre": "journal-article",
        "is_oa": false,
        "journal_name": "Archives of Neurology",
        "publisher": "American Medical Association (AMA)",
        "title": "Cavernous Sinus Syndrome",
        "updated": "2018-06-19T10:06:41.597315",
        "year": 1996,
        "z_authors": [
            {
                "family": "Keane",
                "given": "James R."
            }
        ]
    },
    {
        "doi": "10.1001/archneur.59.4.557",
        "doi_url": "https://doi.org/10.1001/archneur.59.4.557",
        "genre": "journal-article",
        "is_oa": true,
        "journal_name": "Archives of Neurology",
        "publisher": "American Medical Association (AMA)",
        "title": "Occlusion Due to Carotid Artery Dissection",
        "updated": "2018-09-10T14:50:09.005506",
        "year": 2002,
        "z_authors": [
            {
                "family": "Milhaud",
                "given": "Didier"
            },
            {
                "family": "de Freitas",
                "given": "Gabriel R."
            },
            {
                "family": "van Melle",
                "given": "Guy"
            },
            {
                "family": "Bogousslavsky",
                "given": "Julien"
            }
        ]
    },
    {
        "doi": "10.1001/archneurpsyc.1958.02340100018004",
        "doi_url": "https://doi.org/10.1001/archneurpsyc.1958.02340100018004",
        "genre": "journal-article",
        "is_oa": false,
        "journal_name": "A.M.A. Archives of Neurology & Psychiatry",
        "publisher": "American Medical Association (AMA)",
        "title": "Cinephotomicrography of the Pial Circulation",
        "updated": "2018-06-19T10:05:23.903674",
        "year": 1958,
        "z_authors": [
            {
                "family": "GURDJIAN",
                "given": "E. S."
            }
        ]
    },
    {
        "doi": "10.1001/archopht.119.8.1201",
        "doi_url": "https://doi.org/10.1001/archopht.119.8.1201",
        "genre": "journal-article",
        "is_oa": false,
        "journal_name": "Archives of Ophthalmology",
        "publisher": "American Medical Association (AMA)",
        "title": "A look at the past . . .",
        "updated": "2018-06-19T10:04:39.572701",
        "year": 2001,
        "z_authors": null
    },
    {
        "doi": "10.1001/archopht.123.2.214",
        "doi_url": "https://doi.org/10.1001/archopht.123.2.214",
        "genre": "journal-article",
        "is_oa": true,
        "journal_name": "Archives of Ophthalmology",
        "publisher": "American Medical Association (AMA)",
        "title": "An Antisense Oligodeoxynucleotide Against Vascular Endothelial Growth Factor in a Nonhuman Primate Model of Iris Neovascularization",
        "updated": "2018-06-21T15:36:52.068940",
        "year": 2005,
        "z_authors": [
            {
                "family": "Bhisitkul",
                "given": "Robert B."
            }
        ]
    },
    {
        "doi": "10.1001/archopht.1940.00870050149014",
        "doi_url": "https://doi.org/10.1001/archopht.1940.00870050149014",
        "genre": "journal-article",
        "is_oa": false,
        "journal_name": "Archives of Ophthalmology",
        "publisher": "American Medical Association (AMA)",
        "title": "SOME OBSERVATIONS ON CROSSED CYLINDERS",
        "updated": "2018-06-19T10:04:45.304133",
        "year": 1940,
        "z_authors": [
            {
                "family": "Smart",
                "given": "F. P."
            }
        ]
    },
    {
        "doi": "10.1001/archopht.1967.00980020452007",
        "doi_url": "https://doi.org/10.1001/archopht.1967.00980020452007",
        "genre": "journal-article",
        "is_oa": false,
        "journal_name": "Archives of Ophthalmology",
        "publisher": "American Medical Association (AMA)",
        "title": "Strabismus in Congenital Rubella",
        "updated": "2018-06-20T13:56:38.108531",
        "year": 1967,
        "z_authors": [
            {
                "family": "O'Neill",
                "given": "John F."
            }
        ]
    },
    {
        "doi": "10.1001/archopht.1982.01030030169030",
        "doi_url": "https://doi.org/10.1001/archopht.1982.01030030169030",
        "genre": "journal-article",
        "is_oa": false,
        "journal_name": "Archives of Ophthalmology",
        "publisher": "American Medical Association (AMA)",
        "title": "The Cornea in Measles",
        "updated": "2018-06-16T01:35:17.466459",
        "year": 1982,
        "z_authors": [
            {
                "family": "Blodi",
                "given": "F. C."
            }
        ]
    },
    {
        "doi": "10.1001/archotol.125.11.1262",
        "doi_url": "https://doi.org/10.1001/archotol.125.11.1262",
        "genre": "journal-article",
        "is_oa": false,
        "journal_name": "Archives of Otolaryngology\u2013Head & Neck Surgery",
        "publisher": "American Medical Association (AMA)",
        "title": "Sinogenic Subdural Empyema and Streptococcus anginosus",
        "updated": "2018-06-20T13:57:14.603887",
        "year": 1999,
        "z_authors": [
            {
                "family": "Hutchin",
                "given": "Mark E."
            },
            {
                "family": "Shores",
                "given": "Carol G."
            },
            {
                "family": "Bauer",
                "given": "Maureen S."
            },
            {
                "family": "Yarbrough",
                "given": "Wendell G."
            }
        ]
    },
    {
        "doi": "10.1001/archotol.129.12.1263",
        "doi_url": "https://doi.org/10.1001/archotol.129.12.1263",
        "genre": "journal-article",
        "is_oa": false,
        "journal_name": "Archives of Otolaryngology\u2013Head & Neck Surgery",
        "publisher": "American Medical Association (AMA)",
        "title": "Pointe Vicente Lighthouse, Palos Verdes Peninsula, California",
        "updated": "2018-06-16T18:53:06.593132",
        "year": 2003,
        "z_authors": null
    },
    {
        "doi": "10.1001/archotol.1940.00660021084009",
        "doi_url": "https://doi.org/10.1001/archotol.1940.00660021084009",
        "genre": "journal-article",
        "is_oa": false,
        "journal_name": "Archives of Otolaryngology - Head and Neck Surgery",
        "publisher": "American Medical Association (AMA)",
        "title": "ANGIOENDOTHELIOMA OF THE NASOPHARYNX",
        "updated": "2018-06-14T08:53:43.136353",
        "year": 1940,
        "z_authors": [
            {
                "family": "FARMER",
                "given": "W. D."
            }
        ]
    },
    {
        "doi": "10.1001/archotol.1956.03830080028007",
        "doi_url": "https://doi.org/10.1001/archotol.1956.03830080028007",
        "genre": "journal-article",
        "is_oa": false,
        "journal_name": "Archives of Otolaryngology - Head and Neck Surgery",
        "publisher": "American Medical Association (AMA)",
        "title": "Intracranial Complications of Chronic Mastoiditis",
        "updated": "2018-06-19T10:05:56.322736",
        "year": 1956,
        "z_authors": [
            {
                "family": "MORSE",
                "given": "H. R."
            }
        ]
    },
    {
        "doi": "10.1001/archotol.1992.01880070101020",
        "doi_url": "https://doi.org/10.1001/archotol.1992.01880070101020",
        "genre": "journal-article",
        "is_oa": false,
        "journal_name": "Archives of Otolaryngology - Head and Neck Surgery",
        "publisher": "American Medical Association (AMA)",
        "title": "Casual Surgical Techniques in January 1992 Photograph",
        "updated": "2018-06-16T04:46:58.398809",
        "year": 1992,
        "z_authors": [
            {
                "family": "HILDING",
                "given": "D. A."
            }
        ]
    },
    {
        "doi": "10.1001/archotol.1992.01880080075016",
        "doi_url": "https://doi.org/10.1001/archotol.1992.01880080075016",
        "genre": "journal-article",
        "is_oa": false,
        "journal_name": "Archives of Otolaryngology - Head and Neck Surgery",
        "publisher": "American Medical Association (AMA)",
        "title": "Mycosis Fungoides of the Larynx: Report of Two Cases and Review of the Literature",
        "updated": "2018-06-20T22:53:44.950199",
        "year": 1992,
        "z_authors": [
            {
                "family": "Kuhn",
                "given": "J. J."
            },
            {
                "family": "Wenig",
                "given": "B. M."
            },
            {
                "family": "Clark",
                "given": "D. A."
            }
        ]
    },
    {
        "doi": "10.1001/archpedi.1962.02080020242007",
        "doi_url": "https://doi.org/10.1001/archpedi.1962.02080020242007",
        "genre": "journal-article",
        "is_oa": false,
        "journal_name": "Archives of Pediatrics & Adolescent Medicine",
        "publisher": "American Medical Association (AMA)",
        "title": "Measles in Nigeria",
        "updated": "2018-06-20T13:57:11.584058",
        "year": 1962,
        "z_authors": [
            {
                "family": "MORLEY",
                "given": "D. C."
            }
        ]
    },
    {
        "doi": "10.1001/archsurg.141.11.1109",
        "doi_url": "https://doi.org/10.1001/archsurg.141.11.1109",
        "genre": "journal-article",
        "is_oa": true,
        "journal_name": "Archives of Surgery",
        "publisher": "American Medical Association (AMA)",
        "title": "Implementing 1-Dose Antibiotic Prophylaxis for Prevention of Surgical Site Infection",
        "updated": "2018-06-20T13:56:51.520565",
        "year": 2006,
        "z_authors": [
            {
                "family": "Fonseca",
                "given": "Silvia Nunes Szente"
            }
        ]
    },
    {
        "doi": "10.1001/jama.1892.02420140019001h",
        "doi_url": "https://doi.org/10.1001/jama.1892.02420140019001h",
        "genre": "journal-article",
        "is_oa": false,
        "journal_name": "Journal of the American Medical Association",
        "publisher": "American Medical Association (AMA)",
        "title": "REPORT OF THE COMMITTEE ON IMPROVEMENT IN THE WORK OF THE SECTION.",
        "updated": "2018-06-17T06:43:12.626093",
        "year": 1892,
        "z_authors": null
    },
    {
        "doi": "10.1001/jama.1904.02490680037010",
        "doi_url": "https://doi.org/10.1001/jama.1904.02490680037010",
        "genre": "journal-article",
        "is_oa": false,
        "journal_name": "JAMA: The Journal of the American Medical Association",
        "publisher": "American Medical Association (AMA)",
        "title": "ANGINA PECTORIS AND ABDOMINIS.",
        "updated": "2018-06-19T10:04:39.576591",
        "year": 1904,
        "z_authors": null
    },
    {
        "doi": "10.1001/jama.1906.25210130010001d",
        "doi_url": "https://doi.org/10.1001/jama.1906.25210130010001d",
        "genre": "journal-article",
        "is_oa": false,
        "journal_name": "JAMA: The Journal of the American Medical Association",
        "publisher": "American Medical Association (AMA)",
        "title": "A PLEA FOR MORE RADICAL OPERATIONS IN CANCER OF THE LIPS AND TONGUE.",
        "updated": "2018-06-22T21:41:28.434261",
        "year": 1906,
        "z_authors": [
            {
                "family": "EISENDRATH",
                "given": "D. N."
            }
        ]
    },
    {
        "doi": "10.1001/jama.1912.04270130039024",
        "doi_url": "https://doi.org/10.1001/jama.1912.04270130039024",
        "genre": "journal-article",
        "is_oa": true,
        "journal_name": "Journal of the American Medical Association",
        "publisher": "American Medical Association (AMA)",
        "title": "Common Disorders and Diseases of Childhood.",
        "updated": "2018-06-16T04:09:46.705491",
        "year": 1912,
        "z_authors": null
    },
    {
        "doi": "10.1001/jama.1916.02590180044022",
        "doi_url": "https://doi.org/10.1001/jama.1916.02590180044022",
        "genre": "journal-article",
        "is_oa": false,
        "journal_name": "Journal of the American Medical Association",
        "publisher": "American Medical Association (AMA)",
        "title": "CREATIN, CREATININ AND MUSCLE TISSUE",
        "updated": "2018-06-18T23:43:50.605459",
        "year": 1916,
        "z_authors": null
    }
]